findlay_butler@hr.yahoo.com,Fbutler-hr,Fbutler40005213
findlay_butler@hr.yahoo.com,Fbutler1-hr,Fbutler18546287
cain_mosley@finance.yahoo.com,Cmosley-finance,Cmosley51396058
donna_beltran@accounting.yahoo.com,Dbeltran-accounting,Dbeltran13301902
sian_ramirez@sales.yahoo.com,Sramirez-sales,Sramirez93038099
angelo_fulton@it.yahoo.com,Afulton-it,Afulton65748559
daniyal_castro@ops.yahoo.com,Dcastro-ops,Dcastro82723287
cayden_morrison@purchasing.yahoo.com,Cmorrison-purchasing,Cmorrison51904882
amir_haney@randd.yahoo.com,Ahaney-randd,Ahaney34275161
olive_fowler@production.yahoo.com,Ofowler-production,Ofowler94175802
ernest_bauer@marketing.yahoo.com,Ebauer-marketing,Ebauer80291160
isla_burnett@leadership.yahoo.com,Iburnett-leadership,Iburnett42542470
albert_velazquez@sales.yahoo.com,Avelazquez-sales,Avelazquez91739974
filip_donovan@it.yahoo.com,Fdonovan-it,Fdonovan41624823
hamza_crawford@ops.yahoo.com,Hcrawford-ops,Hcrawford10423655
astrid_obrien@purchasing.yahoo.com,Aobrien-purchasing,Aobrien49674645
milan_odling@randd.yahoo.com,Modling-randd,Modling56786977
ruairi_stevenson@production.yahoo.com,Rstevenson-production,Rstevenson53260544
ria_bonner@marketing.yahoo.com,Rbonner-marketing,Rbonner01093538
ela_hicks@leadership.yahoo.com,Ehicks-leadership,Ehicks02749179
aron_bean@finance.yahoo.com,Abean-finance,Abean85730559
woody_gardner@accounting.yahoo.com,Wgardner-accounting,Wgardner75216917
clyde_stokes@sales.yahoo.com,Cstokes-sales,Cstokes09859345
samantha_harrison@it.yahoo.com,Sharrison-it,Sharrison63229870
gina_mason@finance.yahoo.com,Gmason-finance,Gmason09498271
hollie_vance@accounting.yahoo.com,Hvance-accounting,Hvance47549360
tillie_villa@sales.yahoo.com,Tvilla-sales,Tvilla15588874
jacqueline_dean@it.yahoo.com,Jdean-it,Jdean68979578
xavier_vaughn@finance.yahoo.com,Xvaughn-finance,Xvaughn07988726
elif_pace@accounting.yahoo.com,Epace-accounting,Epace56771317
thalia_duran@sales.yahoo.com,Tduran-sales,Tduran45205687
lacey_fields@it.yahoo.com,Lfields-it,Lfields51239806
abi_hamilton@accounting.yahoo.com,Ahamilton-accounting,Ahamilton69910281
carys_ward@sales.yahoo.com,Cward-sales,Cward61776130
philippa_velez@accounting.yahoo.com,Pvelez-accounting,Pvelez53542843
annie_chen@sales.yahoo.com,Achen-sales,Achen99448379
rhonda_sears@accounting.yahoo.com,Rsears-accounting,Rsears41608539
casey_bullock@sales.yahoo.com,Cbullock-sales,Cbullock25548256
lily-may_morgan@accounting.yahoo.com,Lmorgan-accounting,Lmorgan96527921
jak_garner@sales.yahoo.com,Jgarner-sales,Jgarner19318716
abbas_hines@accounting.yahoo.com,Ahines-accounting,Ahines52808731
amira_gill@sales.yahoo.com,Agill-sales,Agill24855409
jaime_watkins@accounting.yahoo.com,Jwatkins-accounting,Jwatkins77395263
noor_mccall@sales.yahoo.com,Nmccall-sales,Nmccall74691063
jasper_norris@ops.yahoo.com,Jnorris-ops,Jnorris73659011
olivier_roach@ops.yahoo.com,Oroach-ops,Oroach95037622
dhruv_callahan@ops.yahoo.com,Dcallahan-ops,Dcallahan64068039
anjali_meyer@hr.yahoo.com,Ameyer-hr,Ameyer28140982
mae_noble@hr.yahoo.com,Mnoble-hr,Mnoble60999153
brogan_fitzpatrick@hr.yahoo.com,Bfitzpatrick-hr,Bfitzpatrick00398442
haris_clayton@hr.yahoo.com,Hclayton-hr,Hclayton81726858
